id,first_name,last_name,email,gender,ip_address,bool,country,date,some_number
1,Burk,Kemery,bkemery0@businesswire.com,Male,249.64.22.121/32,t,China,2017-09-20,510.32
2,Nicholle,Karoly,nkaroly1@alexa.com,Female,255.233.247.118/32,f,Poland,2014-02-27,864.09
3,Orlando,Westgate,owestgate2@dedecms.com,Polygender,75.0.252.254/32,f,Netherlands,2020-09-03,822.70
4,Gothart,Cokayne,gcokayne3@plala.or.jp,Male,196.83.12.163/32,t,Philippines,2001-01-31,251.05
5,Mitchell,Haglington,mhaglington4@indiegogo.com,Male,209.93.181.190/32,t,Poland,2020-10-09,15.22
6,Jeromy,Twinn,jtwinn5@globo.com,Male,25.13.2.132/32,t,Serbia,2014-10-04,378.40
7,Joela,Cornau,jcornau6@imgur.com,Female,195.47.88.236/32,f,Indonesia,2020-03-19,349.11
8,Darren,Juares,djuares7@hexun.com,Male,94.170.16.96/32,f,China,2011-04-09,631.89
9,Marlie,Mayze,mmayze8@google.com.au,Female,68.41.25.65/32,f,France,2011-11-10,561.72
10,Scottie,Formilli,sformilli9@aol.com,Male,101.241.191.228/32,f,Vietnam,2003-01-04,978.01
11,Lenci,Simecek,lsimeceka@cmu.edu,Agender,252.190.171.190/32,f,Jamaica,2001-09-23,607.93
12,Faye,Elix,felixb@hatena.ne.jp,Female,185.52.22.155/32,t,Peru,2022-11-11,972.79
13,Pail,Boxell,pboxellc@moonfruit.com,Genderqueer,2.37.160.155/32,f,Indonesia,2012-01-14,73.47
14,Beverie,Jirousek,bjirousekd@arizona.edu,Female,13.132.82.24/32,f,Indonesia,2020-10-07,950.04
15,Jecho,O'Garmen,jogarmene@woothemes.com,Male,245.125.192.16/32,f,China,2007-08-25,257.19
16,Anni,Emmanueli,aemmanuelif@wikia.com,Female,75.112.191.173/32,f,Saudi Arabia,2015-08-11,362.45
17,Evered,Marrow,emarrowg@tripadvisor.com,Male,223.159.183.17/32,f,Niue,2013-08-23,418.18
18,Dell,Vondrak,dvondrakh@furl.net,Bigender,83.89.160.155/32,t,Indonesia,1999-03-06,578.60
19,Renato,Swane,rswanei@scientificamerican.com,Genderfluid,234.76.8.11/32,t,France,2019-04-30,80.81
20,Lucius,Edelmann,ledelmannj@bravesites.com,Male,66.174.30.225/32,f,Brazil,1999-06-22,378.73
21,Gale,Norman,gnormank@skype.com,Female,96.224.46.11/32,f,Russia,2000-05-30,152.93
22,Essie,McFfaden,emcffadenl@elpais.com,Female,241.58.196.50/32,t,Greece,2006-07-31,75.77
23,Waly,Rogliero,wroglierom@berkeley.edu,Female,122.90.196.231/32,t,Sweden,2011-12-18,147.69
24,Dillie,Iannazzi,diannazzin@biblegateway.com,Male,112.79.17.198/32,t,Bangladesh,2013-12-22,699.62
25,Zolly,Wimmers,zwimmerso@hatena.ne.jp,Male,123.12.225.114/32,f,Bosnia and Herzegovina,2003-02-12,217.18
26,Daryle,O'Shaughnessy,doshaughnessyp@com.com,Male,204.107.16.207/32,f,Honduras,2010-05-04,983.03
27,Nick,Sings,nsingsq@boston.com,Male,110.64.63.165/32,t,United States,2011-03-17,514.48
28,Ilsa,Huguenet,ihuguenetr@harvard.edu,Female,147.1.198.181/32,f,China,2014-05-11,318.96
29,Grantham,Fayter,gfayters@desdev.cn,Male,26.120.76.78/32,f,Sweden,2009-10-02,595.22
30,Bran,Longlands,blonglandst@tripod.com,Genderqueer,14.92.3.30/32,f,France,2016-07-10,879.94
